                  epoch,         train/box_loss,         train/cls_loss,         train/dfl_loss,   metrics/precision(B),      metrics/recall(B),       metrics/mAP50(B),    metrics/mAP50-95(B),           val/box_loss,           val/cls_loss,           val/dfl_loss,                 lr/pg0,                 lr/pg1,                 lr/pg2
                      1,                 1.6555,                 2.6775,                 1.5515,                0.67534,                0.56559,                0.64222,                0.36084,                 1.5567,                 1.8223,                 1.6269,             0.00041455,             0.00041455,             0.00041455
                      2,                 1.5635,                  1.861,                 1.4497,                0.76233,                0.64134,                0.71139,                0.38942,                  1.531,                 1.4641,                 1.6992,             0.00079007,             0.00079007,             0.00079007
                      3,                 1.5494,                 1.6232,                 1.4533,                0.82041,                0.69605,                 0.7684,                0.46407,                 1.3579,                 1.1712,                 1.5203,              0.0011243,              0.0011243,              0.0011243
